"p_val","avg_logFC","pct.1","pct.2","p_val_adj","Feature","NegLogP"
5.71340550371853e-24,-0.914613440880569,0.934,0.961,3.30606209472673e-19,"ENSG00000198712-MT-CO2",23.2431049511928
4.36353333558084e-17,-0.267688239955519,0.666,0.735,2.52495856463385e-12,"ENSG00000109686-SH3D19",16.3601617018553
1.62799045963842e-16,0.609775959396193,0.385,0.147,9.42036679469772e-12,"ENSG00000271204-RP11-138A9.1",15.7883481444951
5.14961798664389e-16,-0.847330033693069,0.936,0.958,2.97982644797149e-11,"ENSG00000143443-C1orf56",15.2882249869678
4.77680110196864e-15,-0.718200704284964,0.873,0.882,2.76409595765415e-10,"ENSG00000164587-RPS14",14.3208628416381
6.21141226003335e-15,-0.484532092458211,0.95,0.983,3.5942337042683e-10,"ENSG00000100316-RPL3",14.2068096450717
2.78356972685589e-13,-0.955218143270083,0.969,0.966,1.61071262244516e-08,"ENSG00000169045-HNRNPH1",12.5553978953883
7.13743468362695e-13,-0.352430059954505,0.975,0.966,4.13007657968074e-08,"ENSG00000205542-TMSB4X",12.1464578530607
1.3026971331428e-12,-0.619086094591196,0.947,0.921,7.53805696093078e-08,"ENSG00000212907-MT-ND4L",11.8851565426097
3.15697657491576e-12,-0.645830721706199,0.886,0.872,1.826784495075e-07,"ENSG00000109475-RPL34",11.5007286406046
5.11746922368019e-12,-0.565498228324702,0.944,0.961,2.96122356628254e-07,"ENSG00000197622-CDC42SE1",11.2909447604927
5.83346774175867e-12,-0.378996238806135,1,0.993,3.37553610876865e-07,"ENSG00000251562-MALAT1",11.2340731993765
7.22982440162136e-12,0.399443677132098,0.398,0.194,4.1835378899982e-07,"ENSG00000128016-ZFP36",11.140872250746
9.88572335758414e-12,0.288885500721954,0.613,0.366,5.72037382086606e-07,"ENSG00000213402-PTPRCAP",11.0049915470166
4.34132102202663e-11,0.679296562516681,0.264,0.096,2.51210540939571e-06,"ENSG00000113575-PPP2CA",10.3623780987639
8.41936441389344e-11,0.430861259781103,0.458,0.26,4.87186521809944e-06,"ENSG00000152518-ZFP36L2",10.0747206925808
1.02392969192961e-10,0.418453775312845,0.833,0.705,5.92496916235066e-06,"ENSG00000167658-EEF2",9.98972986314076
1.07531204651239e-10,0.264739683307047,0.699,0.491,6.22229315714396e-06,"ENSG00000196405-EVL",9.96846548885244
2.02249864548205e-10,0.341802627902913,0.633,0.41,1.17031884120819e-05,"ENSG00000128340-RAC2",9.69411176057347
7.71729878738425e-10,-0.493728710699844,0.993,1,4.46561494331989e-05,"ENSG00000225840-AC010970.2",9.11253468502927
8.09756750715938e-10,0.535679925031894,0.455,0.27,4.68565743801777e-05,"ENSG00000166750-SLFN5",9.09164542271086
1.21734428603981e-09,-0.375058300604551,0.61,0.636,7.04416271116935e-05,"ENSG00000197728-RPS26",8.91458657839964
4.62713912566257e-09,-0.404355805631825,0.866,0.892,0.000267749405506464,"ENSG00000145425-RPS3A",8.33468744223359
5.73594299914860e-09,-0.301636348824275,0.585,0.622,0.000331910341645733,"ENSG00000196656-AC004057.1",8.24139517311401
6.44001480576234e-09,0.308419885810379,0.385,0.209,0.000372651456735438,"ENSG00000127152-BCL11B",8.19111313418468
1.54106314037551e-08,0.330087824799588,0.747,0.553,0.000891736186178287,"ENSG00000076928-ARHGEF1",7.81217956702142
4.77904760436211e-08,-0.382563927402078,0.845,0.806,0.00276539589626413,"ENSG00000105640-RPL18A",7.32065864342589
5.32254539001635e-08,0.382804155395725,0.46,0.285,0.00307989088993296,"ENSG00000167895-TMC8",7.2738806262636
5.38802921917319e-08,0.323284237306896,0.64,0.464,0.00311778310767456,"ENSG00000152601-MBNL1",7.2685700577725
5.96939470222293e-08,0.376557181247337,0.476,0.302,0.0034541902444413,"ENSG00000156976-EIF4A2",7.22406970418252
1.04342056531216e-07,0.387156814651154,0.597,0.43,0.00603775310117881,"ENSG00000173821-RNF213",6.98154060779615
1.10978110768726e-07,0.478339915629341,0.248,0.113,0.00642174837963236,"ENSG00000144802-NFKBIZ",6.95476267265305
1.70111889170147e-07,0.344359717779319,0.369,0.214,0.00984352446683056,"ENSG00000108219-TSPAN14",6.76926533235716
1.86030766182023e-07,-0.563467605652572,0.803,0.767,0.0107646702851227,"ENSG00000105372-RPS19",6.73041522525447
2.1675616286623e-07,0.361030595519389,0.468,0.307,0.0125425953642544,"ENSG00000108669-CYTH1",6.66402854570529
2.5273002103986e-07,0.32040415166235,0.334,0.184,0.0146242226674715,"ENSG00000108292-MLLT6",6.59734316647917
3.05287181021932e-07,0.449851078448496,0.468,0.319,0.0176654427298341,"ENSG00000168421-RHOH",6.51529143130016
3.74248391818163e-07,0.372478689073404,0.221,0.101,0.021655883192558,"ENSG00000104852-SNRNP70",6.42684005718664
4.16687087090615e-07,-0.40038301663519,0.876,0.843,0.0241115982944985,"ENSG00000147604-RPL7",6.3801899578873
4.43592470265163e-07,0.579536829336418,0.215,0.098,0.0256684782918936,"ENSG00000145833-DDX46",6.35301583436698
5.30990458822794e-07,0.36477810163312,0.261,0.133,0.030725762899781,"ENSG00000213064-SFT2D2",6.27491328253028
6.04318153534522e-07,0.45109032678625,0.524,0.366,0.0349688699542751,"ENSG00000173889-PHC3",6.21873435948073
6.25062368065664e-07,0.657866598609013,0.289,0.157,0.0361692339281196,"ENSG00000012822-CALCOCO1",6.20407664704727
6.67407805837716e-07,0.286424901168875,0.65,0.494,0.0386195526847994,"ENSG00000110876-SELPLG",6.17560871824997
7.40889522887227e-07,0.323145853674553,0.182,0.074,0.0428715722418694,"ENSG00000163599-CTLA4",6.13024654664617
9.03704989769062e-07,0.372147795127414,0.479,0.322,0.0522928892329868,"ENSG00000196187-TMEM63A",6.043973319774
9.83129298882234e-07,0.279201435119014,0.226,0.106,0.0568887768798204,"ENSG00000109787-KLF3",6.00738936100988
1.0602713262372e-06,0.447299867596118,0.299,0.165,0.0613526002927158,"ENSG00000080824-HSP90AA1",5.97458298340587
1.14423732374225e-06,0.277336750824442,0.534,0.391,0.0662112927383451,"ENSG00000101596-SMCHD1",5.94148389013884
1.25765960710895e-06,-0.52499866971671,0.959,0.953,0.0727744731653595,"ENSG00000198886-MT-ND4",5.9004368873153
1.29107963231275e-06,0.327194160392208,0.554,0.405,0.0747083229237775,"ENSG00000122566-HNRNPA2B1",5.88904697012131
2.23285058478476e-06,0.401407791010745,0.122,0.037,0.12920389908857,"ENSG00000168067-MAP4K2",5.65114033755309
2.31573660997582e-06,0.316200627889799,0.136,0.044,0.134000098936251,"ENSG00000198146-ZNF770",5.63531083844162
2.47221277809208e-06,0.321041459135258,0.256,0.133,0.143054592404298,"ENSG00000074706-IPCEF1",5.60691415317285
2.56067547995229e-06,0.309813731369698,0.213,0.103,0.148173486647439,"ENSG00000146278-PNRC1",5.5916454571412
2.67152259965293e-06,0.317329474842047,0.517,0.361,0.154587655228917,"ENSG00000118816-CCNI",5.5732411475664
2.69367892726564e-06,0.538337303597686,0.2,0.091,0.155869731126226,"ENSG00000072864-NDE1",5.56965417120649
3.45035014134024e-06,0.265066912468896,0.212,0.098,0.199654510928653,"ENSG00000184384-MAML2",5.46213683051051
3.46649151039468e-06,0.341107616554526,0.225,0.111,0.200588531248988,"ENSG00000197471-SPN",5.46010985907209
3.50687343689258e-06,0.399236068339728,0.59,0.44,0.202925231425789,"ENSG00000005483-KMT2E",5.45507990752911
3.73642677984117e-06,0.35044525228045,0.426,0.285,0.216208335615509,"ENSG00000152818-UTRN",5.42754352389156
3.7626933717417e-06,0.423899859366318,0.169,0.069,0.217728251955834,"ENSG00000239306-RBM14",5.42450117163135
3.9048561822628e-06,0.265177224675543,0.536,0.398,0.225954502986637,"ENSG00000140988-RPS2",5.40839495676744
3.97044532719816e-06,0.341985869879972,0.345,0.216,0.229749818858322,"ENSG00000115875-SRSF7",5.40116077981162
4.01465103291092e-06,0.299018720529803,0.569,0.435,0.23230778201939,"ENSG00000162511-LAPTM5",5.39635219909459
4.20642683756413e-06,0.432987838022166,0.177,0.076,0.243404888955648,"ENSG00000221963-APOL6",5.37608666037217
4.24248319824929e-06,0.402591337914484,0.284,0.16,0.245491290266695,"ENSG00000156299-TIAM1",5.37237986896835
4.96922328325913e-06,0.323930900746966,0.628,0.479,0.28754410528579,"ENSG00000180448-HMHA1",5.30371148856163
5.10938675546448e-06,0.377940045910042,0.283,0.16,0.295654664604952,"ENSG00000170004-CHD3",5.29163122211578
5.34582742805769e-06,0.294864243927242,0.484,0.327,0.309336304124558,"ENSG00000111371-SLC38A1",5.27198506508041
5.63988141547603e-06,0.334428253129653,0.299,0.179,0.32635173810652,"ENSG00000099995-SF3A1",5.24873002742549
6.78323158877435e-06,0.256388999386458,0.352,0.209,0.392511695884428,"ENSG00000073849-ST6GAL1",5.16856335527615
7.43913219624837e-06,-0.957958388519752,0.564,0.654,0.430465384535912,"ENSG00000213639-PPP1CB",5.1284777236426
8.05546475001992e-06,0.391168522351167,0.25,0.133,0.466129467759902,"ENSG00000125347-IRF1",5.09390939844196
9.08114920756731e-06,0.334009232454525,0.519,0.386,0.525480698895883,"ENSG00000105939-ZC3HAV1",5.04185918860184
9.91543232196251e-06,0.439469006183119,0.329,0.206,0.573756491310361,"ENSG00000178927-C17orf62",5.00368834540729
1.19692094548691e-05,0.645020581821139,0.296,0.184,0.692598305105999,"ENSG00000139626-ITGB7",4.92193453302934
1.24786542792089e-05,0.262418831334855,0.486,0.337,0.722077329866421,"ENSG00000096384-HSP90AB1",4.90383224723582
1.26986452191016e-05,0.534491989451323,0.302,0.189,0.734807105603312,"ENSG00000120071-KANSL1",4.89624261016634
1.28107965330969e-05,0.371637305736158,0.205,0.103,0.741296741387654,"ENSG00000059804-SLC2A3",4.89242386641659
1.454048055695e-05,0.308076666649927,0.131,0.049,0.841384907427913,"ENSG00000165487-MICU2",4.83742123998435
1.62424178449964e-05,0.272267552011011,0.342,0.224,0.939867508600715,"ENSG00000079332-SAR1A",4.78934932124137
1.70986271080952e-05,-0.625039903159391,0.545,0.622,0.98941205760993,"ENSG00000092841-MYL6",4.76703875880753
1.74909663171901e-05,-0.817575559151435,0.679,0.749,1,"ENSG00000116489-CAPZA1",4.75718619654587
2.13379388361004e-05,0.25751621686736,0.245,0.135,1,"ENSG00000107485-GATA3",4.67084753408403
2.20308587772188e-05,0.543940482919802,0.288,0.174,1,"ENSG00000010818-HIVEP2",4.65696857343761
2.21972180465938e-05,0.321010802679359,0.279,0.167,1,"ENSG00000153922-CHD1",4.65370145179803
2.22742812627634e-05,0.423580546842432,0.316,0.197,1,"ENSG00000204256-BRD2",4.65219630069858
2.23551520785595e-05,0.441953874347406,0.231,0.125,1,"ENSG00000152061-RABGAP1L",4.65062237134931
2.34467471305464e-05,0.309535924764791,0.192,0.093,1,"ENSG00000102699-PARP4",4.62991740033673
2.49361754857749e-05,0.455556165735667,0.388,0.26,1,"ENSG00000115085-ZAP70",4.60317015441763
2.63398619581125e-05,0.326517987738232,0.298,0.179,1,"ENSG00000130985-UBA1",4.57938650541779
2.79723619693128e-05,0.375320436349865,0.225,0.123,1,"ENSG00000180370-PAK2",4.55327086051695
2.9924243344372e-05,0.316827910057284,0.136,0.054,1,"ENSG00000105122-RASAL3",4.52397682222543
3.01557836213119e-05,0.364628887770392,0.202,0.103,1,"ENSG00000118579-MED28",4.52062938156909
3.1154485050927e-05,0.354000790536963,0.344,0.226,1,"ENSG00000237296-SMG1P1",4.50647942275585
3.36831704810755e-05,0.445805354918195,0.269,0.16,1,"ENSG00000116731-PRDM2",4.47258703660138
3.43915423608217e-05,0.366122419221607,0.283,0.167,1,"ENSG00000110955-ATP5B",4.46354834689466
3.4402025362863e-05,0.369937998355322,0.182,0.088,1,"ENSG00000134250-NOTCH2",4.46341598829992
3.45810548355929e-05,0.412818049173119,0.162,0.074,1,"ENSG00000135837-CEP350",4.46116176345393
3.46506897694278e-05,0.317705245545771,0.25,0.138,1,"ENSG00000065675-PRKCQ",4.46028811573977
3.47738634311612e-05,0.567488431182085,0.205,0.108,1,"ENSG00000088888-MAVS",4.45874705583316
3.58811850321056e-05,0.399576909291391,0.147,0.064,1,"ENSG00000132463-GRSF1",4.44513322213838
3.91432892348353e-05,0.373285648320411,0.288,0.174,1,"ENSG00000022840-RNF10",4.40734268311036
3.94489743512524e-05,0.392347185177713,0.39,0.265,1,"ENSG00000185989-RASA3",4.40396428369365
4.06252541383686e-05,0.330162181508028,0.502,0.391,1,"ENSG00000107742-SPOCK2",4.39120390919963
4.62070494804489e-05,0.256489416966726,0.294,0.179,1,"ENSG00000083168-KAT6A",4.33529176217314
4.74681760936639e-05,0.37022103934885,0.441,0.317,1,"ENSG00000132274-TRIM22",4.32359745519285
4.76661631142625e-05,0.265276233978815,0.119,0.044,1,"ENSG00000068697-LAPTM4A",4.32178980518157
5.1661113158922e-05,-0.349143612352461,0.884,0.87,1,"ENSG00000187514-PTMA",4.28683624017647
5.2192921381426e-05,0.426378546648442,0.35,0.236,1,"ENSG00000129003-VPS13C",4.28238839380703
5.54400276254437e-05,0.32130234040676,0.114,0.042,1,"ENSG00000121060-TRIM25",4.25617656198978
5.54796174240135e-05,0.33415982872057,0.441,0.319,1,"ENSG00000174718-KIAA1551",4.2558665423935
5.7569639551992e-05,0.333331595109143,0.398,0.278,1,"ENSG00000129351-ILF3",4.23980648968801
6.00876092539334e-05,0.55017180959978,0.246,0.147,1,"ENSG00000223745-RP4-717I23.3",4.22121507520925
6.14733791574432e-05,0.435753543198813,0.126,0.052,1,"ENSG00000137871-ZNF280D",4.21131291329699
6.22734651041415e-05,0.321326787718786,0.145,0.064,1,"ENSG00000103194-USP10",4.2056969680069
6.30094753358013e-05,0.262196273392122,0.269,0.162,1,"ENSG00000118503-TNFAIP3",4.20059413663174
7.08820663363001e-05,0.363847859671367,0.142,0.061,1,"ENSG00000185158-LRRC37B",4.14946363049216
7.39966308698206e-05,0.657848498677893,0.117,0.047,1,"ENSG00000100897-DCAF11",4.13078805361977
7.43357803660111e-05,0.358554504922961,0.385,0.275,1,"ENSG00000049768-FOXP3",4.12880209505316
7.52739971560899e-05,0.327165119248227,0.145,0.066,1,"ENSG00000139718-SETD1B",4.12335502169999
7.73362365299799e-05,0.297422156927089,0.316,0.199,1,"ENSG00000109920-FNBP4",4.11161696613975
7.76926030068823e-05,0.277435582178018,0.154,0.071,1,"ENSG00000140511-HAPLN3",4.10962032773983
8.19864033275308e-05,0.360269418467052,0.408,0.29,1,"ENSG00000152291-TGOLN2",4.08625816529238
8.25330812278353e-05,0.464704802169751,0.208,0.113,1,"ENSG00000167208-SNX20",4.08337194096521
8.26558739474338e-05,0.255138765418236,0.197,0.103,1,"ENSG00000100307-CBX7",4.08272627781775
8.65074994137741e-05,0.299423256400887,0.195,0.101,1,"ENSG00000166313-APBB1",4.06294624151968
9.09285090103337e-05,0.400171390767619,0.347,0.233,1,"ENSG00000117616-C1orf63",4.04129993014766
9.39872394077855e-05,0.402293303898091,0.388,0.263,1,"ENSG00000148730-EIF4EBP2",4.02693110630429
9.7706779490945e-05,0.293468743078107,0.243,0.147,1,"ENSG00000139613-SMARCC2",4.01007530124173
0.00010161914176357,0.290391522704662,0.129,0.054,1,"ENSG00000140992-PDPK1",3.99302447729543
0.000103312842885146,0.308127190898561,0.195,0.101,1,"ENSG00000006576-PHTF2",3.98584568770149
0.000108162263500414,0.304972096101402,0.291,0.184,1,"ENSG00000180747-CTD-2547E10.2",3.96592423287199
0.000111752354949651,0.250670034160409,0.349,0.229,1,"ENSG00000002586-CD99",3.951743316242
0.000111872722738028,0.282332606794401,0.193,0.103,1,"ENSG00000160712-IL6R",3.9512757920101
0.000112222938268968,0.255887097770079,0.217,0.125,1,"ENSG00000107829-FBXW4",3.94991836459983
0.000115167913879358,0.262280146321688,0.587,0.467,1,"ENSG00000065357-DGKA",3.93866849978522
0.000115397750536684,0.46189718970091,0.175,0.091,1,"ENSG00000117360-PRPF3",3.93780265685643
0.000116374492430878,0.298361957248506,0.256,0.152,1,"ENSG00000182199-SHMT2",3.93414220018847
0.000118647696087159,0.273651830133634,0.238,0.14,1,"ENSG00000154978-VOPP1",3.92574069053849
0.000119321594024366,0.347685683942319,0.296,0.192,1,"ENSG00000026297-RNASET2",3.92328095350506
0.000119726776646918,0.35697041758734,0.165,0.081,1,"ENSG00000132300-PTCD3",3.92180870966453
0.000120036836030327,0.25638521501199,0.182,0.093,1,"ENSG00000186174-BCL9L",3.92068546037047
0.000121828707035442,0.346307129747759,0.377,0.256,1,"ENSG00000102910-LONP2",3.91425036492067
0.000127034707679405,0.349680930662778,0.26,0.155,1,"ENSG00000155849-ELMO1",3.89607760743514
0.000128372671793898,0.331050506677284,0.306,0.201,1,"ENSG00000143384-MCL1",3.89152741982101
0.000142527657435515,0.349307561566762,0.172,0.086,1,"ENSG00000115652-UXS1",3.84610085280536
0.000142571063887382,0.312862608867867,0.483,0.376,1,"ENSG00000163346-PBXIP1",3.84596860961196
0.000147081948194892,0.388999127364627,0.231,0.135,1,"ENSG00000102908-NFAT5",3.83244062625566
0.000147856285441108,0.372636480600907,0.119,0.049,1,"ENSG00000089127-OAS1",3.83016020868019
0.000151756488751769,0.355663662096196,0.104,0.039,1,"ENSG00000188559-RALGAPA2",3.81885273044156
0.000153976266280427,0.305358039165889,0.319,0.204,1,"ENSG00000171223-JUNB",3.81254621564271
0.000155856384795715,0.287423603570965,0.293,0.187,1,"ENSG00000198858-R3HDM4",3.80727540176218
0.000156475490989317,0.419269380574368,0.152,0.074,1,"ENSG00000204120-GIGYF2",3.80555367704186
0.00015877513019936,0.348744629169645,0.203,0.113,1,"ENSG00000254999-BRK1",3.799217522457
0.000183923688066102,0.279572857124076,0.174,0.088,1,"ENSG00000008513-ST3GAL1",3.73536233311167
0.000187924375720594,0.343600003424718,0.145,0.069,1,"ENSG00000160208-RRP1B",3.72601688379333
0.000195228612011452,0.473284245068331,0.192,0.106,1,"ENSG00000138496-PARP9",3.70945653334921
0.000199668448715082,-0.668242444299903,0.509,0.563,1,"ENSG00000185905-C16orf54",3.69969055621847
0.000200057342101967,0.338364213120031,0.236,0.14,1,"ENSG00000160796-NBEAL2",3.69884550539042
0.000205451512028946,0.332798167294499,0.696,0.543,1,"ENSG00000144426-NBEAL1",3.68729065818205
0.00021058696284271,0.395413508222409,0.21,0.12,1,"ENSG00000269821-KCNQ1OT1",3.67656851890898
0.000218731211275161,0.333417711441669,0.37,0.26,1,"ENSG00000115760-BIRC6",3.66008924203122
0.000222317634630952,0.33910742631184,0.23,0.14,1,"ENSG00000122557-HERPUD2",3.65302608692244
0.000226506424170641,0.281393005215953,0.205,0.115,1,"ENSG00000139437-TCHP",3.64491947602512
0.000226670152827769,0.277314317328289,0.273,0.179,1,"ENSG00000105323-HNRNPUL1",3.64460566256245
0.000227170455706545,0.267270722750436,0.183,0.098,1,"ENSG00000105856-HBP1",3.64364815076883
0.000235344553445118,0.292906565871004,0.131,0.061,1,"ENSG00000166471-TMEM41B",3.62829584807377
0.000240715946532066,0.433515296051957,0.226,0.133,1,"ENSG00000132549-VPS13B",3.6184951383852
0.000250015414560498,0.315842126219749,0.124,0.054,1,"ENSG00000146833-TRIM4",3.6020332143192
0.00025775012662963,0.280305063265412,0.121,0.052,1,"ENSG00000204282-TNRC6C-AS1",3.58880111268058
0.000259103791100265,0.253540100534575,0.271,0.17,1,"ENSG00000013364-MVP",3.58652623254918
0.000260194605691754,0.422795844112276,0.175,0.093,1,"ENSG00000168016-TRANK1",3.58470171139699
0.000269279209565025,0.265992052548839,0.266,0.17,1,"ENSG00000103064-SLC7A6",3.56979717618276
0.000294432872391508,0.254090086242712,0.124,0.057,1,"ENSG00000071537-SEL1L",3.5310137041808
0.000299934750850405,0.367428242041487,0.145,0.071,1,"ENSG00000096060-FKBP5",3.52297321337271
0.000315992214950666,0.250265631051924,0.488,0.371,1,"ENSG00000196924-FLNA",3.50032361689304
0.000322947287440691,0.42330276912415,0.104,0.042,1,"ENSG00000143167-GPA33",3.49086835891302
0.000329647313683087,0.325625387491446,0.139,0.066,1,"ENSG00000102125-TAZ",3.4819504589992
0.000339678864858034,0.325708529089488,0.233,0.14,1,"ENSG00000135090-TAOK3",3.46893147450496
0.000349160725903629,0.361465804911951,0.269,0.179,1,"ENSG00000160888-IER2",3.45697461228196
0.000357393324454522,0.292387977559362,0.134,0.064,1,"ENSG00000172578-KLHL6",3.44685356369283
0.000357917057636408,0.250253440293865,0.106,0.044,1,"ENSG00000198382-UVRAG",3.44621760347969
0.000373459014417328,0.43666654854586,0.137,0.066,1,"ENSG00000182541-LIMK2",3.42775705325711
0.000376033395013121,0.383694372742894,0.301,0.206,1,"ENSG00000185829-ARL17A",3.42477358425879
0.000378359336334455,0.259120005283166,0.23,0.138,1,"ENSG00000173120-KDM2A",3.42209554498303
0.00039444825687961,0.261621178026274,0.243,0.145,1,"ENSG00000173200-PARP15",3.40400995880564
0.000406345237650308,0.385737324309702,0.174,0.096,1,"ENSG00000170275-CRTAP",3.39110482579502
0.000410937677226971,0.297631355880253,0.183,0.103,1,"ENSG00000105221-AKT2",3.38622403819392
0.000415713066884837,0.288456103268087,0.301,0.201,1,"ENSG00000012660-ELOVL5",3.3812063243348
0.000416245706484614,0.301299667770908,0.18,0.101,1,"ENSG00000122299-ZC3H7A",3.38065023314846
0.000426515236428065,0.340033107472456,0.119,0.054,1,"ENSG00000147854-UHRF2",3.37006544989285
0.000428139157489499,0.271116239287924,0.127,0.059,1,"ENSG00000139645-ANKRD52",3.36841504989539
0.000429293006034315,0.280501552722237,0.122,0.057,1,"ENSG00000159388-BTG2",3.36724618691177
0.00043822403774093,0.295107973090748,0.179,0.098,1,"ENSG00000116984-MTR",3.35830380392748
0.000442293580215436,0.399073388940278,0.217,0.135,1,"ENSG00000188641-DPYD",3.35428936426423
0.000444499642382897,0.409252059116663,0.299,0.204,1,"ENSG00000118971-CCND2",3.35212858410028
0.000447317019717067,0.357519026379616,0.188,0.108,1,"ENSG00000166848-TERF2IP",3.34938457728322
0.000456237176643847,0.298644608984362,0.165,0.088,1,"ENSG00000198026-ZNF335",3.34080932898167
0.000456541334344347,0.363095381583507,0.164,0.088,1,"ENSG00000162231-NXF1",3.34051989619101
0.000481252782059908,0.280991518782811,0.106,0.044,1,"ENSG00000174282-ZBTB4",3.31762674687612
0.00048180798813114,0.30701280667931,0.145,0.074,1,"ENSG00000197070-ARRDC1",3.31712600389659
0.000500604406101217,0.31923504413406,0.137,0.069,1,"ENSG00000077454-LRCH4",3.30050533224073
0.000514806126054973,0.426166636502954,0.226,0.14,1,"ENSG00000133943-C14orf159",3.28835629374892
0.000533811383671024,0.472923029451409,0.14,0.071,1,"ENSG00000138293-NCOA4",3.27261216900337
0.000535828148773538,0.274446983128055,0.167,0.091,1,"ENSG00000174197-MGA",3.27097447524459
0.000578732660031629,0.413396993366552,0.164,0.091,1,"ENSG00000089289-IGBP1",3.23752200809562
0.000591536959521651,0.437407006832593,0.22,0.138,1,"ENSG00000123416-TUBA1B",3.2280181152544
0.000593465711866922,0.253087417622607,0.296,0.197,1,"ENSG00000186517-ARHGAP30",3.22660436782507
0.000593524955901645,0.261069097391177,0.309,0.211,1,"ENSG00000101290-CDS2",3.22656101557626
0.000601127663715017,0.319544675703645,0.137,0.069,1,"ENSG00000120685-PROSER1",3.22103328546953
0.00063170526260426,0.325092534891655,0.215,0.135,1,"ENSG00000256594-RP11-705C15.2",3.19948550507418
0.000634630495253488,0.372228539466648,0.205,0.125,1,"ENSG00000076108-BAZ2A",3.19747906302333
0.000638429482104899,0.323644770522123,0.251,0.162,1,"ENSG00000124201-ZNFX1",3.19488706586185
0.000650740553407612,0.304912556737022,0.114,0.052,1,"ENSG00000059378-PARP12",3.18659212768699
0.000695204483205318,-0.482416646366238,0.767,0.771,1,"ENSG00000198786-MT-ND5",3.15788743589044
0.000704696113899118,0.274160407304509,0.159,0.084,1,"ENSG00000112159-MDN1",3.15199812344643
0.000706429267962376,0.28728298764215,0.124,0.059,1,"ENSG00000108883-EFTUD2",3.15093131586984
0.000752846322349301,0.264833009847044,0.231,0.147,1,"ENSG00000114902-SPCS1",3.12329366678356
0.000775700247125593,0.383758058888962,0.122,0.059,1,"ENSG00000135049-AGTPBP1",3.11030607019657
0.000777061113370537,0.300340682491199,0.155,0.084,1,"ENSG00000171867-PRNP",3.10954482398431
0.000783416703489343,0.278311701218607,0.236,0.15,1,"ENSG00000141699-FAM134C",3.10600717295165
0.000796447156199024,0.367653051008656,0.102,0.044,1,"ENSG00000011260-UTP18",3.09884303409072
0.000819165040471497,0.447216321342204,0.182,0.108,1,"ENSG00000166986-MARS",3.08662859037006
0.000834627592774555,-0.421005767098827,0.926,0.843,1,"ENSG00000177954-RPS27",3.07850726161851
0.00084700761253857,0.43459963769462,0.122,0.059,1,"ENSG00000173273-TNKS",3.07211268640054
0.000862655995927304,0.442963734051368,0.175,0.101,1,"ENSG00000099991-CABIN1",3.06416235475378
0.000864905281920256,0.268911306999927,0.203,0.123,1,"ENSG00000264198-RP11-94L15.2",3.0630314506759
0.000875446299939986,0.256197150441748,0.112,0.052,1,"ENSG00000133316-WDR74",3.05777048847831
0.000881121318236562,0.374472228494291,0.172,0.098,1,"ENSG00000141627-DYM",3.05496429111879
0.000884750388179972,0.289131447218523,0.202,0.123,1,"ENSG00000165272-AQP3",3.05317923814579
0.00090772423193267,0.271100925554159,0.359,0.258,1,"ENSG00000147677-EIF3H",3.04204607079655
0.000913922662244157,0.279979433340787,0.22,0.138,1,"ENSG00000139436-GIT2",3.03909055348026
0.000920846234838635,0.370575212634793,0.167,0.093,1,"ENSG00000164463-CREBRF",3.03581288330616
0.000924596914813363,-0.769253583874795,0.374,0.462,1,"ENSG00000113369-ARRDC3",3.03404756004542
0.000926653504067596,0.332448928737026,0.15,0.081,1,"ENSG00000164062-APEH",3.03308262767001
0.000930878153787805,0.322342052607163,0.139,0.071,1,"ENSG00000106344-RBM28",3.03110716176915
0.000942081054203702,0.271916285312511,0.203,0.125,1,"ENSG00000168259-DNAJC7",3.02591173003192
0.000961618524054758,0.262527030850322,0.127,0.064,1,"ENSG00000091073-DTX2",3.0169971792668
0.000970155590863792,0.397516372005682,0.312,0.226,1,"ENSG00000109452-INPP4B",3.01315860920307
0.000995941674307717,0.268667062359262,0.456,0.356,1,"ENSG00000159023-EPB41",3.00176609457632
0.00100859088305465,0.263708416984831,0.117,0.057,1,"ENSG00000119685-TTLL5",2.99628496187285
0.00101063038397781,0.358765331826448,0.152,0.084,1,"ENSG00000225190-PLEKHM1",2.99540764910636
0.00104828464272908,0.299157494458963,0.215,0.138,1,"ENSG00000101294-HM13",2.97952077652995
0.0010585813596035,0.332245878045308,0.322,0.224,1,"ENSG00000175115-PACS1",2.97527575770222
0.00117131678567293,0.271717201096136,0.21,0.13,1,"ENSG00000143466-IKBKE",2.93132563296878
0.00117758419792475,0.377966094913017,0.183,0.113,1,"ENSG00000159592-GPBP1L1",2.92900803079201
0.00118911317032972,0.309981842611668,0.248,0.167,1,"ENSG00000176390-CRLF3",2.92477681072124
0.00120661729276161,0.360594239422186,0.256,0.172,1,"ENSG00000197102-DYNC1H1",2.91843045483834
0.00122169848163034,0.371069412685939,0.347,0.251,1,"ENSG00000197043-ANXA6",2.91303596587901
0.0012899530465433,0.273594239472554,0.121,0.059,1,"ENSG00000107201-DDX58",2.88942609745135
0.00129229297508656,0.282873694759321,0.251,0.162,1,"ENSG00000130402-ACTN4",2.88863901649622
0.00129905192582456,0.375952480108293,0.208,0.13,1,"ENSG00000132824-SERINC3",2.88637348892054
0.00134210059830216,0.419680953904007,0.154,0.086,1,"ENSG00000092330-TINF2",2.87221493003134
0.00135481064500072,0.263599876562786,0.167,0.096,1,"ENSG00000080503-SMARCA2",2.868121399681
0.00146623905720298,0.268723328657338,0.139,0.074,1,"ENSG00000141551-CSNK1D",2.83379521607955
0.0014668913517364,0.347683053276024,0.149,0.084,1,"ENSG00000117362-APH1A",2.83360205186138
0.00153064163305396,0.379586048692638,0.107,0.052,1,"ENSG00000163513-TGFBR2",2.81512647814906
0.00154309128312464,0.300201588462612,0.605,0.521,1,"ENSG00000198851-CD3E",2.81160838204786
0.00155450854219459,0.276905000110405,0.19,0.115,1,"ENSG00000224660-SH3BP5-AS1",2.80840688711852
0.00156774516304481,0.269534248770806,0.281,0.194,1,"ENSG00000073578-SDHA",2.80472453047683
0.00173260341377295,0.347230996005827,0.312,0.224,1,"ENSG00000068831-RASGRP2",2.76130083423963
0.00183849671981671,0.353622695228579,0.137,0.076,1,"ENSG00000140464-PML",2.73553714064787
0.00184647283301707,0.271677108361673,0.245,0.162,1,"ENSG00000132182-NUP210",2.73365707770029
0.00188406998085482,0.427338462375829,0.274,0.197,1,"ENSG00000131503-ANKHD1",2.72490297004917
0.00188733984872813,0.560816440284393,0.119,0.061,1,"ENSG00000185324-CDK10",2.72414989043495
0.00194354496585017,0.28673150554641,0.22,0.145,1,"ENSG00000134109-EDEM1",2.71140540708072
0.00194400875815919,0.344995409291795,0.235,0.157,1,"ENSG00000158987-RAPGEF6",2.71130178281939
0.00199615846066913,0.36967526933447,0.16,0.093,1,"ENSG00000089597-GANAB",2.69980498616357
0.00201415411410534,0.263630456045992,0.192,0.12,1,"ENSG00000165494-PCF11",2.69590730223084
0.00205088555275069,0.35403894384878,0.276,0.197,1,"ENSG00000124181-PLCG1",2.68805857424677
0.00207067325147123,0.283702974490162,0.109,0.054,1,"ENSG00000066044-ELAVL1",2.68388842659115
0.00214739055660955,0.35162608832489,0.106,0.052,1,"ENSG00000179010-MRFAP1",2.66808896108077
0.00217613308184985,0.297530317614038,0.179,0.108,1,"ENSG00000092929-UNC13D",2.6623145487966
0.00218038914540991,-0.46885712319067,0.721,0.705,1,"ENSG00000132475-H3F3B",2.66146598867897
0.00220323332446393,0.347430531183383,0.139,0.076,1,"ENSG00000186001-LRCH3",2.65693950822307
0.00223975403361017,0.447790420776715,0.121,0.064,1,"ENSG00000068028-RASSF1",2.64979967260831
0.00226249420757574,0.442655755589851,0.102,0.049,1,"ENSG00000143437-ARNT",2.64541252399949
0.00228569990322936,0.311487515163041,0.245,0.167,1,"ENSG00000114331-ACAP2",2.64098079009423
0.00233829004289536,0.342962063404785,0.106,0.052,1,"ENSG00000100038-TOP3B",2.63110161968559
0.00234251635227337,0.418310793221814,0.198,0.125,1,"ENSG00000006125-AP2B1",2.63031736877431
0.00234351328857112,0.263483982303847,0.322,0.231,1,"ENSG00000137193-PIM1",2.63013257952941
0.00236264672624169,0.335706768336044,0.147,0.086,1,"ENSG00000164733-CTSB",2.62660121121302
0.00236417876804905,-0.280455601251346,0.911,0.853,1,"ENSG00000229117-RPL41",2.62631968724854
0.00243607509828259,0.265136606057216,0.102,0.049,1,"ENSG00000114062-UBE3A",2.61330932758801
0.00251319232480319,0.321692342225158,0.155,0.091,1,"ENSG00000165416-SUGT1",2.59977427527343
0.00259393793889488,0.25278430191402,0.217,0.143,1,"ENSG00000198734-F5",2.58604041881397
0.00283413553013325,0.317395194373713,0.16,0.096,1,"ENSG00000112685-EXOC2",2.54757938535828
0.00288879791873595,0.25891722385442,0.139,0.079,1,"ENSG00000163428-LRRC58",2.53928283747303
0.0029960182873971,0.268651580220724,0.132,0.071,1,"ENSG00000117676-RPS6KA1",2.52345554007424
0.00304398535373909,-0.561198478980705,0.504,0.543,1,"ENSG00000146457-WTAP",2.51655744152223
0.00310650535268446,0.295173368096325,0.233,0.155,1,"ENSG00000196230-TUBB",2.50772789373626
0.00311054265531969,0.308018970216489,0.263,0.189,1,"ENSG00000145016-KIAA0226",2.50716383873766
0.00311628276274824,0.26124566457828,0.121,0.064,1,"ENSG00000239900-ADSL",2.50636314254963
0.00318954831625091,0.29624499505984,0.412,0.324,1,"ENSG00000198563-DDX39B",2.49627081463839
0.00321367753455499,0.593243990238676,0.245,0.177,1,"ENSG00000183813-CCR4",2.49299770317607
0.00325350777080087,-0.463126757121257,0.071,0.125,1,"ENSG00000116221-MRPL37",2.48764815164354
0.00326437417044986,0.257090434065408,0.188,0.12,1,"ENSG00000103061-SLC7A6OS",2.48620006718281
0.00328556397146276,0.31579661579011,0.172,0.103,1,"ENSG00000131370-SH3BP5",2.48339007247505
0.00338269850035709,0.373776603885192,0.187,0.118,1,"ENSG00000074755-ZZEF1",2.47073670911901
0.00338611715718289,0.295489834965272,0.433,0.351,1,"ENSG00000129353-SLC44A2",2.47029801969495
0.00356987699412134,0.280811078230569,0.177,0.111,1,"ENSG00000182568-SATB1",2.44734674794794
0.00357803074327283,-0.266504239545313,0.372,0.265,1,"ENSG00000023445-BIRC3",2.44635593219336
0.00364618854922623,0.345995404623845,0.122,0.066,1,"ENSG00000154832-CXXC1",2.43816087715903
0.00374903766384595,-0.6236856213132,0.805,0.786,1,"ENSG00000119335-SET",2.42608019651675
0.00383862849408955,0.309921836934845,0.142,0.084,1,"ENSG00000160551-TAOK1",2.4158239172585
0.00388984708141208,0.357060434201052,0.114,0.061,1,"ENSG00000005206-SPPL2B",2.41006747142604
0.00391303258244409,0.34319961113237,0.324,0.241,1,"ENSG00000162645-GBP2",2.40748653586708
0.00402466379912519,0.318187502631649,0.116,0.061,1,"ENSG00000100376-FAM118A",2.39527039263352
0.00422042866804429,0.251455874638574,0.155,0.096,1,"ENSG00000149532-CPSF7",2.37464343559962
0.00428099481707388,0.498484421209964,0.109,0.059,1,"ENSG00000111674-ENO2",2.36845529795816
0.00434326901739468,0.284396845773325,0.147,0.088,1,"ENSG00000100644-HIF1A",2.36218327007325
0.00442906821105427,0.273985317929777,0.246,0.172,1,"ENSG00000125107-CNOT1",2.35368763119495
0.00442986477917688,0.258792664017373,0.142,0.084,1,"ENSG00000152022-LIX1L",2.35360953033531
0.00451074932412249,0.360026445505651,0.293,0.219,1,"ENSG00000162777-DENND2D",2.34575130727944
0.0045403720582247,0.27976243057503,0.14,0.081,1,"ENSG00000100796-SMEK1",2.34290855766859
0.00454473783048482,-0.259474019359701,0.188,0.123,1,"ENSG00000146963-C7orf55-LUC7L2",2.34249116459994
0.0046976183102637,0.327887123056436,0.124,0.069,1,"ENSG00000103365-GGA2",2.32812227331415
0.00477625277881186,0.458607172996535,0.24,0.167,1,"ENSG00000089737-DDX24",2.32091269663202
0.00490001909324643,0.275009651320321,0.268,0.192,1,"ENSG00000135905-DOCK10",2.3098022277112
0.00502020209129236,0.279045868658816,0.312,0.233,1,"ENSG00000055609-KMT2C",2.29927879971424
0.0050761772640791,0.392176159378836,0.102,0.054,1,"ENSG00000145730-PAM",2.29446322040964
0.00510265472680636,0.436512781896741,0.136,0.079,1,"ENSG00000163960-UBXN7",2.29220381738516
0.0051662294246913,0.449752793573447,0.172,0.111,1,"ENSG00000055483-USP36",2.28682631135182
0.00517896440541456,0.319344002327363,0.197,0.13,1,"ENSG00000100991-TRPC4AP",2.28575707384118
0.00529136280535219,0.764258805752842,0.134,0.079,1,"ENSG00000179532-DNHD1",2.27643245979461
0.00534745522411673,0.493127154516405,0.117,0.066,1,"ENSG00000143393-PI4KB",2.27185284322215
0.00534752128456667,0.250017314028834,0.202,0.135,1,"ENSG00000144711-IQSEC1",2.27184747814466
0.00534839547656302,0.362035208666548,0.205,0.138,1,"ENSG00000075539-FRYL",2.27177648717316
0.00539669278048951,0.406042089135512,0.112,0.061,1,"ENSG00000113522-RAD50",2.26787230447245
0.00547248260511145,0.326200898794554,0.175,0.113,1,"ENSG00000113013-HSPA9",2.26181561021067
0.00558764917312267,-0.859690061703543,0.359,0.418,1,"ENSG00000152520-PAN3",2.25277086937245
0.0056947735341104,0.456598508227376,0.145,0.088,1,"ENSG00000120910-PPP3CC",2.24452354196974
0.00592154860140148,0.337500860641621,0.162,0.101,1,"ENSG00000167986-DDB1",2.22756470187619
0.00595464579861801,0.289989493748683,0.164,0.103,1,"ENSG00000070770-CSNK2A2",2.22514406663808
0.00609717968841437,0.251307031234668,0.109,0.059,1,"ENSG00000225733-FGD5-AS1",2.2148710058085
0.00621974939920759,-0.295609517899533,0.162,0.101,1,"ENSG00000154760-SLFN13",2.20622711317635
0.0062483803262842,0.364018738301551,0.182,0.118,1,"ENSG00000160294-MCM3AP",2.20423254369869
0.00641347004155137,0.29537096740976,0.233,0.165,1,"ENSG00000084652-TXLNA",2.19290692958669
0.00648574962027354,0.340489290928267,0.213,0.15,1,"ENSG00000058262-SEC61A1",2.18803982110129
0.0067048595288876,-0.340283104767953,0.079,0.13,1,"ENSG00000096063-SRPK1",2.17361031646533
0.00673854619691622,0.356876624072873,0.159,0.101,1,"ENSG00000117228-GBP1",2.17143378992764
0.00677722534914903,0.289277133036411,0.147,0.091,1,"ENSG00000144381-HSPD1",2.16894807341785
0.00687618985501275,0.26817617904859,0.187,0.125,1,"ENSG00000044574-HSPA5",2.16265214073337
0.00715252789015046,0.269808436772875,0.245,0.174,1,"ENSG00000187735-TCEA1",2.1455404400568
0.00717335742645983,0.333849349694227,0.111,0.061,1,"ENSG00000077044-DGKD",2.14427752905975
0.0073023461659018,0.395440611234809,0.117,0.066,1,"ENSG00000253719-ATXN7L3B",2.13653758327652
0.00757278915180198,-0.257395723728501,0.195,0.128,1,"ENSG00000178149-DALRD3",2.12074413501266
0.00780557471306218,0.360902045438298,0.116,0.066,1,"ENSG00000087157-PGS1",2.10759511495612
0.00788245038624261,0.264002069665456,0.17,0.111,1,"ENSG00000115241-PPM1G",2.10333875410989
0.00791975576281837,0.45640277913785,0.197,0.138,1,"ENSG00000055917-PUM2",2.1012882114024
0.00800765535663269,0.494889031439723,0.106,0.059,1,"ENSG00000144136-SLC20A1",2.09649462682914
0.0081166669465491,0.25066986347837,0.112,0.064,1,"ENSG00000108591-DRG2",2.09062227419348
0.00815462731220272,0.509600118151058,0.172,0.115,1,"ENSG00000129675-ARHGEF6",2.08859588256391
0.00818487065094462,0.430140588387364,0.357,0.285,1,"ENSG00000115415-STAT1",2.08698817954158
0.00824140500910109,0.324195127617783,0.278,0.206,1,"ENSG00000107738-C10orf54",2.0839987427102
0.00828978365092428,0.31268811254298,0.114,0.066,1,"ENSG00000137200-CMTR1",2.08145680363981
0.00843547941474852,0.313953973782052,0.119,0.069,1,"ENSG00000100023-PPIL2",2.0738902300561
0.00844616154444003,-0.315097165290166,0.775,0.73,1,"ENSG00000198755-RPL10A",2.07334061635322
0.0085718991659724,0.401626094936088,0.197,0.135,1,"ENSG00000124422-USP22",2.06692294634688
0.00892722999343488,-0.696836862067873,0.19,0.251,1,"ENSG00000127314-RAP1B",2.04928327629448
0.00895645053626203,0.27858801844277,0.241,0.177,1,"ENSG00000213928-IRF9",2.04786406823156
0.00925079717745782,0.437540424716712,0.147,0.093,1,"ENSG00000198198-SZT2",2.03382084079032
0.00933852943904246,0.388059258696089,0.119,0.071,1,"ENSG00000204842-ATXN2",2.02972150779474
0.00962396309618079,0.429097000598162,0.225,0.167,1,"ENSG00000203879-GDI1",2.01664605100027
0.00994067910784253,-0.47653461675252,0.656,0.644,1,"ENSG00000163466-ARPC2",2.00258394530952
0.0100206707674469,0.255328966956696,0.19,0.13,1,"ENSG00000028528-SNX1",1.99910320652759
0.0107574036402401,0.27579367854096,0.124,0.074,1,"ENSG00000060971-ACAA1",1.96829253543359
0.0109124818294288,0.322350421747198,0.107,0.061,1,"ENSG00000139192-TAPBPL",1.96207646643738
0.0109987256572519,0.363238100244523,0.116,0.069,1,"ENSG00000101082-SLA2",1.95865763048576
0.0118159247898212,0.330382424643999,0.119,0.071,1,"ENSG00000131473-ACLY",1.92753228203849
0.012031260896844,0.449789219242107,0.127,0.079,1,"ENSG00000114650-SCAP",1.91968885546599
0.0121980972071205,0.261311075925875,0.165,0.111,1,"ENSG00000179820-MYADM",1.91370791005458
0.012329356027252,0.322957772997157,0.101,0.057,1,"ENSG00000178685-PARP10",1.90905960638193
0.0130109187078816,0.377322688107633,0.131,0.084,1,"ENSG00000166128-RAB8B",1.88569203659163
0.0132496478930209,0.298717697900002,0.127,0.079,1,"ENSG00000091009-RBM27",1.87779566287057
0.0132607424740407,0.271790479812513,0.119,0.071,1,"ENSG00000135018-UBQLN1",1.87743215893641
0.013277769222673,0.274869045163104,0.236,0.174,1,"ENSG00000047849-MAP4",1.8768748839788
0.0134380506918534,0.272167245929969,0.137,0.086,1,"ENSG00000224113-RP5-837J1.2",1.87166372497045
0.0138357839314777,0.253620127319952,0.127,0.079,1,"ENSG00000229474-PATL2",1.85899622882735
0.0141352966052204,0.385896939811884,0.114,0.069,1,"ENSG00000104774-MAN2B1",1.84969507414588
0.0143545422314435,0.301243624590201,0.17,0.115,1,"ENSG00000078618-NRD1",1.84301065266438
0.015046178615691,0.395099503681092,0.132,0.084,1,"ENSG00000214176-PLEKHM1P",1.82257378690414
0.0154011858628805,0.327710647076444,0.137,0.088,1,"ENSG00000069020-MAST4",1.81244583800268
0.0154199652479988,0.252022142106601,0.15,0.098,1,"ENSG00000169220-RGS14",1.81191660505415
0.0156483619909089,0.259294233232969,0.236,0.172,1,"ENSG00000196235-SUPT5H",1.80553111597954
0.0160070599933367,-0.32218936392026,0.408,0.317,1,"ENSG00000015479-MATR3",1.79568842735119
0.0164372852861129,0.323140587923623,0.109,0.064,1,"ENSG00000008226-DLEC1",1.78416990714961
0.017032612857212,0.294795413342353,0.107,0.064,1,"ENSG00000175166-PSMD2",1.76871872476625
0.0177525719948487,0.325108014773563,0.212,0.152,1,"ENSG00000167548-KMT2D",1.75073871741167
0.0186819656045225,0.359626487529962,0.102,0.061,1,"ENSG00000119844-AFTPH",1.72857743183783
0.0191353472996468,0.254125556847639,0.314,0.251,1,"ENSG00000136280-CCM2",1.71816365107986
0.0191626768487097,-0.272360804535404,0.147,0.096,1,"ENSG00000117868-ESYT2",1.71754382409768
0.0195358673639026,-0.282352812982894,0.152,0.098,1,"ENSG00000014216-CAPN1",1.70916730197212
0.019558401329273,0.252856044796642,0.139,0.091,1,"ENSG00000175155-YPEL2",1.70866664659594
0.0204418415958734,0.252822523262233,0.398,0.337,1,"ENSG00000170776-AKAP13",1.68947998138967
0.0211676768047696,0.324272625894911,0.126,0.081,1,"ENSG00000006652-IFRD1",1.67432680406061
0.0212353971345871,0.256945628873222,0.127,0.081,1,"ENSG00000132359-RAP1GAP2",1.67293961262258
0.0219777692727234,0.27030268233109,0.15,0.103,1,"ENSG00000023191-RNH1",1.65801639024333
0.0220926701861699,-0.325670931354258,0.858,0.73,1,"ENSG00000122026-RPL21",1.65575179082674
0.0233231229736842,0.367572655118667,0.155,0.108,1,"ENSG00000198218-QRICH1",1.63221329784826
0.0240025801484968,-0.313320974122986,0.754,0.607,1,"ENSG00000131051-RBM39",1.61974207145397
0.0245923472781967,0.294411381259184,0.134,0.088,1,"ENSG00000158850-B4GALT3",1.60920001695804
0.0248907560445896,0.254508832093504,0.16,0.113,1,"ENSG00000111801-BTN3A3",1.60396191170773
0.0249269211936527,-0.333647525238428,0.169,0.113,1,"ENSG00000198898-CAPZA2",1.60333135932934
0.0269996959047561,0.281251413271135,0.183,0.13,1,"ENSG00000161547-SRSF2",1.56864112723472
0.0274424228016265,0.280785941860398,0.124,0.081,1,"ENSG00000242802-AP5Z1",1.56157754883527
0.0283356611899712,-0.462089628850764,0.207,0.251,1,"ENSG00000186010-NDUFA13",1.54766664899017
0.0284136515438094,0.352422218300545,0.126,0.084,1,"ENSG00000197329-PELI1",1.54647294989477
0.0285123088592338,0.365538451930551,0.107,0.069,1,"ENSG00000170852-KBTBD2",1.54496761312812
0.0290922999870741,0.295271331996384,0.106,0.066,1,"ENSG00000181666-HKR1",1.53622194282275
0.030051264666998,0.295687953929805,0.195,0.145,1,"ENSG00000143515-ATP8B2",1.52213724657833
0.0306041271334614,-0.255479219548406,0.145,0.192,1,"ENSG00000144567-FAM134A",1.51422000258946
0.0310567548166278,-0.341758303135419,0.747,0.737,1,"ENSG00000130741-EIF2S3",1.50784392654894
0.0313827116990569,0.48843455357352,0.2,0.155,1,"ENSG00000145012-LPP",1.50330953286331
0.0320312991229308,0.255145696393579,0.136,0.091,1,"ENSG00000112640-PPP2R5D",1.49442544689726
0.0321948462092435,0.283338063425437,0.122,0.081,1,"ENSG00000188603-CLN3",1.49221364513736
0.0326603536387447,0.305716845056718,0.19,0.145,1,"ENSG00000131023-LATS1",1.48597911713383
0.0330155022616313,-0.429136187146247,0.088,0.128,1,"ENSG00000158122-AAED1",1.48128209146092
0.0346178682388473,0.284048117802978,0.104,0.066,1,"ENSG00000173846-PLK3",1.46069967940142
0.0371735940982307,-0.304999475774793,0.117,0.16,1,"ENSG00000184752-NDUFA12",1.42976544747114
0.0374461434614396,-0.568070140154383,0.815,0.769,1,"ENSG00000160654-CD3G",1.42659290318907
0.0376657611661742,-0.300533137330349,0.37,0.292,1,"ENSG00000204261-TAPSAR1",1.42405325172989
0.0377567266820959,0.288979194920554,0.15,0.108,1,"ENSG00000110429-FBXO3",1.42300566388466
0.0387630391965245,0.25911034648913,0.101,0.064,1,"ENSG00000092847-AGO1",1.41158217964668
0.0387895249808993,-0.309635764226362,0.121,0.079,1,"ENSG00000091140-DLD",1.41128553876647
0.0396828395959347,0.43052675553821,0.139,0.098,1,"ENSG00000126012-KDM5C",1.40139725847549
0.0398511459587182,0.271427860968194,0.111,0.074,1,"ENSG00000161021-MAML1",1.39955918552528
0.0410946717433151,0.443063724973997,0.114,0.076,1,"ENSG00000184677-ZBTB40",1.38621448426715
0.0416324009517598,-0.352064153489345,0.17,0.219,1,"ENSG00000084072-PPIE",1.38056854251142
0.0435147327875029,0.367516465967972,0.226,0.182,1,"ENSG00000213930-GALT",1.36136367902134
0.0451308477185583,0.274653162766014,0.16,0.118,1,"ENSG00000108963-DPH1",1.34552650880127
0.0452450566066908,0.27522914926407,0.165,0.123,1,"ENSG00000067057-PFKP",1.34442886409887
0.0458210508989894,-0.543802706949212,0.147,0.189,1,"ENSG00000271895-RP4-635E18.8",1.33893495455303
0.0460557775721936,-0.305071431976594,0.15,0.103,1,"ENSG00000101040-ZMYND8",1.33671588098653
0.0479430996992043,0.332226681430767,0.291,0.241,1,"ENSG00000058668-ATP2B4",1.31927389064569
0.0482037847291374,-0.467701741684517,0.21,0.157,1,"ENSG00000065809-FAM107B",1.3169188617103
0.048533911576706,0.268615669178369,0.116,0.079,1,"ENSG00000125910-S1PR4",1.31395470543475
0.051024431867526,0.35645489340899,0.124,0.088,1,"ENSG00000213380-COG8",1.29222182224486
0.0517441227571661,0.250309591714825,0.107,0.071,1,"ENSG00000134440-NARS",1.2861389714572
0.0522521753589514,0.26266544887228,0.147,0.106,1,"ENSG00000144749-LRIG1",1.28189562432269
0.0524017194081629,0.281991809384175,0.278,0.224,1,"ENSG00000219481-NBPF1",1.28065446268753
0.0524145914621419,0.252593920189923,0.126,0.088,1,"ENSG00000100888-CHD8",1.28054779489898
0.0531234147277297,-0.692604334063258,0.213,0.258,1,"ENSG00000187446-CHP1",1.27471401666439
0.0533289273734143,0.251871212182555,0.112,0.076,1,"ENSG00000179454-KLHL28",1.27303715137229
0.0550406411690675,-0.286680402802475,0.283,0.219,1,"ENSG00000123124-WWP1",1.25931651564162
0.0568702127337978,-0.364787856350643,0.255,0.3,1,"ENSG00000128335-APOL2",1.24511514718406
0.0578849439032268,-0.50076132929954,0.496,0.501,1,"ENSG00000198938-MT-CO3",1.23743438325106
0.0618858695927374,-0.580319522147794,0.159,0.201,1,"ENSG00000051108-HERPUD1",1.20840850216649
0.064337730144947,-0.348345296039957,0.349,0.285,1,"ENSG00000162704-ARPC5",1.19153426520765
0.0666436007609293,-0.333582125301224,0.131,0.17,1,"ENSG00000105404-RABAC1",1.17624154598969
0.0677951990267682,-0.281868235688163,0.134,0.096,1,"ENSG00000036257-CUL3",1.16880105996785
0.0678233634960605,0.270236643406191,0.104,0.071,1,"ENSG00000079785-DDX1",1.16862067649309
0.0680151745939864,-0.288504973517534,0.165,0.206,1,"ENSG00000255594-Z82188.1",1.16739418277586
0.069914446196368,-0.270963954069708,0.15,0.108,1,"ENSG00000173230-GOLGB1",1.15543307811492
0.0705774989606182,0.388866740230137,0.145,0.108,1,"ENSG00000176986-SEC24C",1.15133373570186
0.0707021902123663,0.263641344322404,0.202,0.16,1,"ENSG00000170581-STAT2",1.15056713242076
0.0773362813958052,-0.361364755932481,0.121,0.084,1,"ENSG00000119801-YPEL5",1.11161671418833
0.0784151941820164,0.45798177661555,0.212,0.174,1,"ENSG00000131378-RFTN1",1.10559977774848
0.079302587980216,-0.464866890835698,0.076,0.106,1,"ENSG00000165476-REEP3",1.10071263957789
0.0801770214111706,-0.676796929089658,0.193,0.226,1,"ENSG00000143727-ACP1",1.09595008189344
0.0811640950429269,-0.359527890928058,0.195,0.15,1,"ENSG00000139679-LPAR6",1.09063604924736
0.0821690871549035,0.329901204657701,0.145,0.111,1,"ENSG00000205302-SNX2",1.08529153772871
0.0822553036118309,0.344568796077534,0.124,0.091,1,"ENSG00000188917-TRMT2B",1.08483609027654
0.0825782372339877,-0.271619291703943,0.21,0.17,1,"ENSG00000138688-KIAA1109",1.08313439208039
0.0830380642980258,0.270089324678171,0.134,0.098,1,"ENSG00000105397-TYK2",1.08072278322496
0.0834782056705256,-0.442188663771997,0.109,0.143,1,"ENSG00000009780-FAM76A",1.07842689448637
0.0850551727208401,-0.295398350835982,0.122,0.157,1,"ENSG00000115541-HSPE1",1.07029926916717
0.0897054369095933,0.401836158156455,0.122,0.091,1,"ENSG00000163539-CLASP2",1.04718123423262
0.0909301037489504,-0.304022405643787,0.334,0.273,1,"ENSG00000182670-TTC3",1.0412923133934
0.0924499464082598,0.370564936607303,0.112,0.081,1,"ENSG00000139190-VAMP1",1.03409333625823
0.0927924657917415,0.311006495566481,0.126,0.093,1,"ENSG00000136100-VPS36",1.03248728453442
0.0934033737481419,0.323006759608665,0.131,0.093,1,"ENSG00000073921-PICALM",1.0296374366849
0.0936310011538515,-0.260137122548937,0.129,0.165,1,"ENSG00000108671-PSMD11",1.02858033287615
0.0948348331981056,-0.409459269209973,0.129,0.165,1,"ENSG00000010256-UQCRC1",1.02303211532942
0.0959678952280501,-0.280049454193072,0.074,0.103,1,"ENSG00000159199-ATP5G1",1.01787403005678
0.0978849826617725,0.424034094265914,0.129,0.096,1,"ENSG00000004700-RECQL",1.00928393176573
0.101633169227688,-0.331704411805758,0.21,0.243,1,"ENSG00000101126-ADNP",0.992964531602893
0.103564132204544,-0.350803304077347,0.162,0.12,1,"ENSG00000130779-CLIP1",0.984790629559791
0.103747374071428,-0.541965707323311,0.15,0.184,1,"ENSG00000163956-LRPAP1",0.984022886815591
0.105500703123848,-0.502035975129053,0.136,0.167,1,"ENSG00000142507-PSMB6",0.976744645941741
0.106459667206153,0.330862447927737,0.174,0.138,1,"ENSG00000160271-RALGDS",0.972814895769476
0.109369358219127,-0.289606104195302,0.208,0.246,1,"ENSG00000112514-CUTA",0.961104336323885
0.113615457952779,0.274860515445988,0.177,0.14,1,"ENSG00000170633-RNF34",0.944562576662999
0.117097149189313,-0.289971858947824,0.083,0.111,1,"ENSG00000141644-MBD1",0.93145367799699
0.11964361589096,-0.295926528918254,0.167,0.125,1,"ENSG00000143543-JTB",0.922110470116138
0.119656178803715,-0.334961463059978,0.096,0.125,1,"ENSG00000125868-DSTN",0.922064870380475
0.12175732401686,-0.333637102164581,0.185,0.14,1,"ENSG00000125772-GPCPD1",0.914504905395136
0.122874834968185,-0.250626452264468,0.279,0.226,1,"ENSG00000123240-OPTN",0.910537052455473
0.12657177640217,-0.430852240654028,0.574,0.553,1,"ENSG00000153179-RASSF3",0.89766312464487
0.127019399910877,0.327311688620787,0.208,0.17,1,"ENSG00000024048-UBR2",0.896129943368401
0.127370723077212,-0.2858671168935,0.213,0.167,1,"ENSG00000002822-MAD1L1",0.894930385714869
0.130004282620205,-0.277113741713275,0.162,0.197,1,"ENSG00000100387-RBX1",0.886042340864795
0.130726111687069,0.342404798845908,0.152,0.118,1,"ENSG00000165732-DDX21",0.88363765626819
0.135916643005724,0.411079672668615,0.15,0.123,1,"ENSG00000147050-KDM6A",0.866727360611159
0.137146866170809,-0.273332640994114,0.079,0.106,1,"ENSG00000154781-CCDC174",0.862814111648766
0.148334433132558,-0.322171098308465,0.083,0.108,1,"ENSG00000125734-GPR108",0.82875802372774
0.150434266003446,-0.253237224649221,0.14,0.106,1,"ENSG00000023318-ERP44",0.822653228629866
0.153278805864288,0.279485142934318,0.202,0.167,1,"ENSG00000107521-HPS1",0.814517891672175
0.157614378384606,0.339544434056866,0.132,0.108,1,"ENSG00000111540-RAB5B",0.802404166489489
0.162080360595345,-0.267428452736028,0.106,0.079,1,"ENSG00000169727-GPS1",0.790269605767148
0.165025251033992,-0.298094150050824,0.159,0.125,1,"ENSG00000109180-OCIAD1",0.782449597933476
0.167115094932739,0.289665542732681,0.122,0.096,1,"ENSG00000135148-TRAFD1",0.776984320005412
0.167488936849463,-0.384255671895911,0.445,0.432,1,"ENSG00000232112-TMA7",0.776013874143007
0.171079881504873,-0.330604928980144,0.144,0.111,1,"ENSG00000174780-SRP72",0.766801059220685
0.171596544614507,0.261819887909255,0.119,0.091,1,"ENSG00000119906-FAM178A",0.765491461650259
0.183334789568017,0.404844714409115,0.126,0.098,1,"ENSG00000139990-DCAF5",0.736755115595369
0.186229409561269,-0.348835326438241,0.417,0.432,1,"ENSG00000170315-UBB",0.729951733657552
0.186757060750605,-0.365250708310599,0.122,0.147,1,"ENSG00000134001-EIF2S1",0.728722969769279
0.188247792607967,-0.399222593598234,0.688,0.673,1,"ENSG00000183283-DAZAP2",0.725270107630846
0.188315710082542,-0.256494396292181,0.223,0.182,1,"ENSG00000134453-RBM17",0.725113447813623
0.196599599557703,-0.363853495930901,0.466,0.413,1,"ENSG00000135655-USP15",0.706417371092169
0.202797573187835,-0.378428702218041,0.131,0.103,1,"ENSG00000177311-ZBTB38",0.692937246367489
0.204653492560557,-0.274703190358596,0.083,0.106,1,"ENSG00000011009-LYPLA2",0.688980839404566
0.205512464971643,-0.333920706429376,0.236,0.273,1,"ENSG00000159377-PSMB4",0.687161831674888
0.20647226519312,-0.275231329447253,0.372,0.405,1,"ENSG00000086062-B4GALT1",0.685138277579193
0.206541152729847,0.328009545643825,0.198,0.17,1,"ENSG00000122218-COPA",0.684993403461056
0.209951145135219,-0.27601683844842,0.283,0.243,1,"ENSG00000106153-CHCHD2",0.677881752249903
0.2199611982911,-0.325989840763497,0.169,0.197,1,"ENSG00000168090-COPS6",0.657653923060922
0.221948900757922,-0.297327787989619,0.498,0.506,1,"ENSG00000241553-ARPC4",0.653747001555266
0.222679848116533,0.565378623662466,0.132,0.108,1,"ENSG00000158941-CCAR2",0.65231908358467
0.233609099833448,-0.313228481685551,0.57,0.489,1,"ENSG00000145495-MARCH6",0.631510244049023
0.236827276936251,-0.309450053778833,0.152,0.12,1,"ENSG00000187145-MRPS21",0.625568278551027
0.237666866820657,-0.348207591055136,0.126,0.152,1,"ENSG00000117614-SYF2",0.624031359121358
0.239443612751728,0.290873325550978,0.162,0.14,1,"ENSG00000197971-MBP",0.620796743435225
0.24190591544839,-0.291616567682959,0.496,0.413,1,"ENSG00000112081-SRSF3",0.61635351148441
0.242394626492034,-0.286303389900703,0.701,0.575,1,"ENSG00000136942-RPL35",0.615477012025244
0.243565122104257,-0.273124738742372,0.17,0.143,1,"ENSG00000189266-PNRC2",0.613384901433806
0.244315873665461,-0.362046396917268,0.131,0.15,1,"ENSG00000262967-RP11-294J22.6",0.61204831517409
0.249210575449626,-0.328425548583267,0.198,0.162,1,"ENSG00000213413-PVRIG",0.603433531988935
0.251977776642692,-0.292217587642001,0.131,0.103,1,"ENSG00000164609-SLU7",0.598637760436889
0.254934813731417,-0.273675463545675,0.431,0.386,1,"ENSG00000198160-MIER1",0.593570853510515
0.256999888087226,-0.286595214937909,0.132,0.106,1,"ENSG00000164329-PAPD4",0.590067065785868
0.257385772254719,-0.490915819703862,0.121,0.143,1,"ENSG00000075142-SRI",0.58941546365558
0.259646585481736,-0.47280105420944,0.767,0.71,1,"ENSG00000070831-CDC42",0.585617384280907
0.262298809157715,-0.468372349439406,0.177,0.199,1,"ENSG00000102580-DNAJC3",0.581203681111542
0.263866972371323,-0.373228254015536,0.169,0.192,1,"ENSG00000124214-STAU1",0.578614966030547
0.263978653472405,-0.432816522852624,0.144,0.12,1,"ENSG00000161618-ALDH16A1",0.578431190758832
0.264107052455498,0.315839819175615,0.106,0.084,1,"ENSG00000189144-ZNF573",0.578220001664668
0.268228965159459,-0.33890192189376,0.238,0.197,1,"ENSG00000139218-SCAF11",0.571494325926286
0.27575703374993,-0.565531883079993,0.107,0.128,1,"ENSG00000080815-PSEN1",0.559473401173092
0.27830363388887,-0.264216841222918,0.38,0.342,1,"ENSG00000174501-ANKRD36C",0.555481122923662
0.279172161516142,-0.548082153701865,0.41,0.423,1,"ENSG00000106144-CASP2",0.554127890857989
0.284236909686364,-0.289455489123345,0.144,0.118,1,"ENSG00000143458-GABPB2",0.546319527280111
0.285016539784386,-0.295904873825969,0.185,0.157,1,"ENSG00000055208-TAB2",0.545129936733018
0.291464038249234,-0.295172223195294,0.499,0.511,1,"ENSG00000158604-TMED4",0.535415022220151
0.292899158406731,-0.254523781042949,0.681,0.575,1,"ENSG00000158985-CDC42SE2",0.533281876184013
0.29635437827835,-0.258062430056491,0.102,0.081,1,"ENSG00000126945-HNRNPH2",0.528188652200628
0.30325257153142,-0.263337911892697,0.114,0.093,1,"ENSG00000116062-MSH6",0.518195507700728
0.304085063486235,-0.3062116613774,0.223,0.189,1,"ENSG00000129084-PSMA1",0.517004911670467
0.308995270681204,-0.250064916892152,0.179,0.15,1,"ENSG00000272742-CTB-43P18.1",0.510048167606797
0.311087994174536,0.380122749501196,0.107,0.088,1,"ENSG00000074603-DPP8",0.507116749303903
0.316774231051145,0.259803033012461,0.104,0.086,1,"ENSG00000155229-MMS19",0.499250154631392
0.3193803479923,0.309125977598279,0.101,0.084,1,"ENSG00000197386-HTT",0.495691810242232
0.325200084855484,-0.30172889855698,0.283,0.251,1,"ENSG00000106052-TAX1BP1",0.487849349756125
0.326173000225612,0.280556445249028,0.172,0.152,1,"ENSG00000080345-RIF1",0.486551991604554
0.330333385541119,-0.398985758082386,0.15,0.125,1,"ENSG00000235437-RP11-357C3.3",0.481047531595987
0.332643061464508,-0.478986345676122,0.172,0.194,1,"ENSG00000140941-MAP1LC3B",0.478021530985718
0.335278576196597,0.250919365177311,0.109,0.091,1,"ENSG00000142230-SAE1",0.474594196457421
0.336461358889542,-0.391799120276628,0.24,0.265,1,"ENSG00000260539-RP11-252A24.7",0.473064805391438
0.337038994184042,-0.27281260298154,0.119,0.135,1,"ENSG00000177683-THAP5",0.472319849932039
0.356628265384589,-0.513457392464447,0.099,0.115,1,"ENSG00000139180-NDUFA9",0.447784238799246
0.360221098184298,-0.358289345533523,0.428,0.369,1,"ENSG00000150593-PDCD4",0.443430854102049
0.363053055080788,-0.308822442347286,0.524,0.516,1,"ENSG00000198830-HMGN2",0.440029904316108
0.363885930939127,-0.324215061211783,0.144,0.12,1,"ENSG00000126934-MAP2K2",0.439034735382767
0.366234122654704,-0.295040016048679,0.286,0.246,1,"ENSG00000156467-UQCRB",0.436241194195284
0.36725357943936,-0.267850916954208,0.218,0.187,1,"ENSG00000172775-FAM192A",0.435033962663133
0.380455866529263,-0.353611911530705,0.314,0.278,1,"ENSG00000143401-ANP32E",0.419695714805266
0.382673621428761,-0.279628238741377,0.402,0.4,1,"ENSG00000265401-RP11-138I1.4",0.417171473659397
0.385806743304369,-0.477805615211224,0.14,0.12,1,"ENSG00000122257-RBBP6",0.41363018583085
0.386014381941794,-0.430096131306261,0.106,0.12,1,"ENSG00000246582-RP11-1149O23.3",0.413396514287821
0.391794007954313,-0.262901531192174,0.116,0.096,1,"ENSG00000173141-MRP63",0.4069422103328
0.404381647563571,-0.301061682926309,0.107,0.091,1,"ENSG00000112237-CCNC",0.393208562632795
0.405323126510448,-0.559110030268132,0.251,0.253,1,"ENSG00000166136-NDUFB8",0.392198616023084
0.407637450395414,-0.522841410824356,0.117,0.098,1,"ENSG00000035687-ADSS",0.389725923407206
0.415348810653824,-0.344022721935927,0.278,0.243,1,"ENSG00000185658-BRWD1",0.381587028793835
0.415619019958858,-0.357473785216075,0.101,0.115,1,"ENSG00000160185-UBASH3A",0.381304586056708
0.416456162184802,-0.507890398940132,0.248,0.263,1,"ENSG00000104408-EIF3E",0.380430707398223
0.419770337168043,-0.306824893213801,0.215,0.187,1,"ENSG00000172197-MBOAT1",0.376988253841731
0.42012981857701,-0.352350137737474,0.309,0.275,1,"ENSG00000120727-PAIP2",0.376616493458722
0.424573773473895,-0.343166135443807,0.174,0.192,1,"ENSG00000111237-VPS29",0.372046836329579
0.427470124123348,-0.251211955388657,0.296,0.31,1,"ENSG00000213719-CLIC1",0.369094232706031
0.427873075441126,-0.341484806536307,0.663,0.595,1,"ENSG00000181163-NPM1",0.36868504129182
0.428667361376655,-0.280250267151605,0.264,0.268,1,"ENSG00000164032-H2AFZ",0.367879582301436
0.430377383667118,-0.340545731216062,0.159,0.138,1,"ENSG00000168924-LETM1",0.366150558918442
0.432109977067551,-0.391583424017964,0.266,0.233,1,"ENSG00000138385-SSB",0.364405706067016
0.432493980151919,-0.513226583714287,0.197,0.204,1,"ENSG00000184076-UQCR10",0.364019933066215
0.442921131592573,-0.251259670383367,0.152,0.133,1,"ENSG00000269858-EGLN2",0.353673599202436
0.445967414986283,-0.306463786138494,0.344,0.307,1,"ENSG00000188994-ZNF292",0.35069687224892
0.44619886306319,-0.34915457385144,0.102,0.118,1,"ENSG00000103018-CYB5B",0.350471540654628
0.452383731625236,-0.282614464920341,0.126,0.108,1,"ENSG00000131013-PPIL4",0.344493021324891
0.45270726795751,-0.276649078630393,0.372,0.354,1,"ENSG00000158062-UBXN11",0.344182533098069
0.45468600249714,-0.282679701100201,0.091,0.106,1,"ENSG00000270170-NCBP2-AS2",0.342288415339257
0.463468281401636,0.278878249427791,0.114,0.101,1,"ENSG00000132405-TBC1D14",0.333979982519706
0.473798387224139,-0.258813102984492,0.149,0.13,1,"ENSG00000127125-PPCS",0.324406421918127
0.474221654118074,-0.271258847057292,0.17,0.147,1,"ENSG00000143815-LBR",0.324018618959104
0.474768157400188,-0.270376203615611,0.66,0.604,1,"ENSG00000104529-EEF1D",0.323518416779648
0.478608332419859,-0.348239984433941,0.22,0.231,1,"ENSG00000270466-SEPT1",0.320019744727042
0.482627748923969,-0.315124169676928,0.583,0.511,1,"ENSG00000134884-ARGLU1",0.316387711730782
0.492155542710687,-0.352833703169214,0.293,0.285,1,"ENSG00000188243-COMMD6",0.307897619457771
0.493405262885372,-0.272644546313612,0.316,0.29,1,"ENSG00000163946-FAM208A",0.306796222438731
0.497132305831266,-0.333315794371148,0.701,0.612,1,"ENSG00000196776-CD47",0.303528013589287
0.499664309567411,-0.311977438402155,0.269,0.236,1,"ENSG00000126777-KTN1",0.301321670592426
0.500065534379229,-0.317308267303207,0.117,0.128,1,"ENSG00000176386-CDC26",0.300973076955484
0.503817859674585,-0.291772362681495,0.281,0.251,1,"ENSG00000154473-BUB3",0.297726441401934
0.504822690068771,-0.365484206626836,0.177,0.155,1,"ENSG00000185651-UBE2L3",0.296861133260352
0.506909180195094,-0.468887242601597,0.111,0.123,1,"ENSG00000100365-NCF4",0.295069843572475
0.509512333364881,-0.322043441392933,0.188,0.17,1,"ENSG00000082898-XPO1",0.29284529890489
0.515776925431309,-0.317854088908276,0.289,0.256,1,"ENSG00000223380-SEC22B",0.287538091011599
0.526193501447164,-0.296333473782629,0.147,0.13,1,"ENSG00000171222-SCAND1",0.278854519806121
0.53150824000274,-0.305635834976355,0.21,0.189,1,"ENSG00000153283-CD96",0.274489998196223
0.533330015102261,-0.270142890013626,0.233,0.206,1,"ENSG00000068796-KIF2A",0.273003974114852
0.539680883323427,-0.476745643140739,0.213,0.197,1,"ENSG00000023287-RB1CC1",0.267862965322202
0.540015218243047,-0.327041390469612,0.145,0.13,1,"ENSG00000109133-TMEM33",0.267594001092121
0.542311071529833,-0.344886440144586,0.208,0.224,1,"ENSG00000112419-PHACTR2",0.265751529152539
0.545710919496462,-0.295553175633009,0.21,0.192,1,"ENSG00000108639-SYNGR2",0.263037356039811
0.560909885775927,-0.276839649745919,0.126,0.138,1,"ENSG00000184205-TSPYL2",0.251106905684724
0.562581088124398,-0.349565706468214,0.154,0.138,1,"ENSG00000129518-EAPP",0.249814871284336
0.566030895353284,-0.270251298924204,0.85,0.717,1,"ENSG00000144713-RPL32",0.247159863307743
0.57260768034939,-0.30147546173343,0.291,0.29,1,"ENSG00000166794-PPIB",0.242142831111854
0.57413699296332,-0.47488925375131,0.14,0.147,1,"ENSG00000167815-PRDX2",0.240984469641267
0.574658739258511,-0.346655790485485,0.106,0.115,1,"ENSG00000213965-NUDT19",0.240589984275106
0.575604660030724,-0.358179377135071,0.167,0.177,1,"ENSG00000167699-GLOD4",0.239875698721818
0.57582187430609,-0.254061154267604,0.109,0.096,1,"ENSG00000143158-MPC2",0.239711841177306
0.589708464174623,-0.273905333476678,0.162,0.145,1,"ENSG00000159256-MORC3",0.229362638683187
0.596334220164057,-0.262105312543181,0.215,0.197,1,"ENSG00000100941-PNN",0.224510268296387
0.598243809706987,-0.260261247669558,0.124,0.133,1,"ENSG00000115484-CCT4",0.223121786528158
0.601659516404465,-0.268283394148336,0.131,0.115,1,"ENSG00000166595-FAM96B",0.220649209704363
0.602468325979154,-0.33696126895627,0.269,0.273,1,"ENSG00000089775-ZBTB25",0.220065780643659
0.604188872296991,-0.343149907873316,0.486,0.437,1,"ENSG00000008988-RPS20",0.218827277646843
0.605414550214108,-0.264816773901936,0.15,0.162,1,"ENSG00000170348-TMED10",0.217947145649412
0.611547309153864,-0.548021137527172,0.507,0.486,1,"ENSG00000168234-TTC39C",0.213569940410647
0.612570337360951,-0.39690169573267,0.137,0.143,1,"ENSG00000100097-LGALS1",0.212844036965219
0.616625167076932,-0.288067599787667,0.116,0.123,1,"ENSG00000249115-HAUS5",0.209978753856046
0.61900264512567,-0.309603351767747,0.185,0.192,1,"ENSG00000132965-ALOX5AP",0.208307495146234
0.619649807435046,-0.277889756169259,0.24,0.248,1,"ENSG00000102317-RBM3",0.207853680930873
0.620601946243004,-0.345639521462958,0.094,0.101,1,"ENSG00000211747-TRBV20-1",0.207186866777519
0.623715057404023,-0.250897621204496,0.112,0.103,1,"ENSG00000007129-CEACAM21",0.205013771311152
0.623913955641699,-0.497499480487179,0.096,0.103,1,"ENSG00000093144-ECHDC1",0.204875300007725
0.629946241556139,-0.251952076905253,0.26,0.241,1,"ENSG00000143742-SRP9",0.200696510850689
0.632272968958324,-0.30416917983333,0.26,0.258,1,"ENSG00000138698-RAP1GDS1",0.199095384821575
0.634896564487398,-0.256003785714608,0.278,0.256,1,"ENSG00000234420-ZNF37BP",0.197297022946442
0.644711753268741,-0.297874612689019,0.329,0.307,1,"ENSG00000074800-ENO1",0.190634412411461
0.646808972983978,-0.390737514969315,0.188,0.174,1,"ENSG00000073584-SMARCE1",0.189223963888708
0.651873533858987,-0.316404085289955,0.159,0.145,1,"ENSG00000131876-SNRPA1",0.185836651008175
0.651958152956888,-0.344978382720709,0.106,0.096,1,"ENSG00000118620-ZNF430",0.185780279303598
0.654997502747271,-0.272954356910858,0.134,0.143,1,"ENSG00000166974-MAPRE2",0.183760355802335
0.656701325326688,-0.304143746037303,0.154,0.143,1,"ENSG00000130309-COLGALT1",0.182632107236867
0.656859627424699,-0.324021011177289,0.159,0.167,1,"ENSG00000165637-VDAC2",0.182527430361647
0.663087957856432,-0.266569522004728,0.124,0.13,1,"ENSG00000122042-UBL3",0.178428859109542
0.663382875797366,-0.403130616018286,0.428,0.383,1,"ENSG00000144746-ARL6IP5",0.178235743312009
0.668975632033443,-0.336429974552256,0.117,0.106,1,"ENSG00000132383-RPA1",0.174589701464095
0.674460806441744,-0.319837862242058,0.174,0.157,1,"ENSG00000133398-MED10",0.171043282523784
0.675517687832689,-0.351013384527865,0.101,0.108,1,"ENSG00000160570-DEDD2",0.170363274876498
0.688791728746511,-0.350264787150559,0.126,0.13,1,"ENSG00000099901-RANBP1",0.161912076684072
0.689663285674772,-0.360741749179492,0.14,0.13,1,"ENSG00000066777-ARFGEF1",0.161362893125541
0.693244788832146,-0.291916493325609,0.131,0.118,1,"ENSG00000149182-ARFGAP2",0.159113386358755
0.694225615677121,-0.330031913100294,0.646,0.617,1,"ENSG00000185650-ZFP36L1",0.158499365683363
0.694807316253264,0.271743695981349,0.147,0.14,1,"ENSG00000154767-XPC",0.158135617122332
0.695214196226318,-0.344940981351771,0.124,0.133,1,"ENSG00000145337-PYURF",0.15788136820524
0.695879440460109,-0.392166582387098,0.111,0.103,1,"ENSG00000025293-PHF20",0.157465994409748
0.701123233204675,-0.309649626198613,0.218,0.199,1,"ENSG00000212694-AC084018.1",0.154205641381324
0.712058076069406,-0.289998592717922,0.238,0.214,1,"ENSG00000135940-COX5B",0.147484583486912
0.713582742335324,-0.377561023378283,0.44,0.383,1,"ENSG00000130755-GMFG",0.146555661713728
0.713731623579861,-0.270282802691963,0.137,0.123,1,"ENSG00000125835-SNRPB",0.146465060365154
0.71417224570819,-0.486524390166874,0.529,0.528,1,"ENSG00000257621-RP11-349A22.5",0.146197031446503
0.715962215413707,-0.256021127068826,0.129,0.135,1,"ENSG00000247596-TWF2",0.145109896784779
0.727878648145278,-0.375439149528174,0.205,0.204,1,"ENSG00000145247-OCIAD2",0.137941020184083
0.732061670889113,-0.262462726377822,0.106,0.111,1,"ENSG00000120699-EXOSC8",0.13545233123853
0.736409081829062,-0.311656375881983,0.337,0.327,1,"ENSG00000136888-ATP6V1G1",0.132880864160519
0.737540082698646,-0.342418065387836,0.112,0.103,1,"ENSG00000203667-COX20",0.132214372337176
0.741088652959429,-0.26357804472262,0.392,0.376,1,"ENSG00000214078-CPNE1",0.130129836301217
0.748306764764009,-0.327447703294543,0.132,0.123,1,"ENSG00000163719-MTMR14",0.12592032869598
0.751386046478874,-0.311758505526598,0.17,0.16,1,"ENSG00000166501-PRKCB",0.124136874209413
0.754954610107671,-0.265801059770577,0.382,0.337,1,"ENSG00000171858-RPS21",0.122079158532861
0.760802440147301,-0.349717447022029,0.213,0.219,1,"ENSG00000072274-TFRC",0.118728103141084
0.761988784945918,0.279505048641241,0.101,0.096,1,"ENSG00000110619-CARS",0.118051420618333
0.762576060742239,-0.358731173727197,0.317,0.287,1,"ENSG00000205220-PSMB10",0.117716832488436
0.772473811008195,-0.412875801087608,0.458,0.403,1,"ENSG00000168036-CTNNB1",0.112116235433776
0.783159495913744,-0.44835795734032,0.155,0.145,1,"ENSG00000147533-GOLGA7",0.106149781822938
0.785009641800278,-0.347711218479697,0.388,0.366,1,"ENSG00000085224-ATRX",0.105125009044632
0.790183939703354,-0.297548365471268,0.117,0.111,1,"ENSG00000041357-PSMA4",0.10227180149473
0.792131636222757,-0.279483273315056,0.119,0.123,1,"ENSG00000119414-PPP6C",0.101202641472699
0.793529231020983,-0.268450361420614,0.106,0.108,1,"ENSG00000120437-ACAT2",0.100437070626472
0.793723693518152,-0.2749527256322,0.332,0.322,1,"ENSG00000063046-EIF4B",0.100330655336792
0.794933795262198,-0.466086015834493,0.617,0.555,1,"ENSG00000150867-PIP4K2A",0.099669039330405
0.797252873548407,-0.278671163845932,0.149,0.155,1,"ENSG00000138085-ATRAID",0.0984039067492021
0.80067513085518,-0.420384338130259,0.18,0.177,1,"ENSG00000174891-RSRC1",0.0965436605650128
0.808639668919798,-0.404480573650538,0.164,0.152,1,"ENSG00000196954-CASP4",0.0922449575727215
0.810073130276513,-0.299792309283641,0.255,0.236,1,"ENSG00000130749-ZC3H4",0.0914757729214517
0.812117627471091,-0.336213672188563,0.183,0.184,1,"ENSG00000116030-SUMO1",0.0903810628008785
0.812703955144055,-0.254626038788754,0.122,0.113,1,"ENSG00000010017-RANBP9",0.0900676266836669
0.815993151250243,-0.391433059937025,0.2,0.201,1,"ENSG00000005022-SLC25A5",0.0883134863278908
0.816973310487541,-0.264859643084316,0.787,0.651,1,"ENSG00000198242-RPL23A",0.0877921311019998
0.819812659028496,-0.275544680157809,0.144,0.138,1,"ENSG00000163389-POGLUT1",0.0862853798670709
0.821724451915063,-0.437889920309174,0.779,0.727,1,"ENSG00000081320-STK17B",0.0852737896068999
0.825043410579547,-0.48402295179421,0.162,0.16,1,"ENSG00000154945-ANKRD40",0.0835231999601842
0.826866665665158,-0.364766457305698,0.136,0.135,1,"ENSG00000198502-HLA-DRB5",0.0825645158820276
0.830450447583971,-0.394659515728346,0.388,0.364,1,"ENSG00000247774-PCED1B-AS1",0.0806862764972172
0.842077089951413,-0.290982992573224,0.302,0.278,1,"ENSG00000101182-PSMA7",0.0746481481583426
0.845057252829065,-0.378756008866107,0.398,0.376,1,"ENSG00000171862-PTEN",0.0731138664995072
0.8492571452748,-0.278297175781214,0.18,0.17,1,"ENSG00000159352-PSMD4",0.0709607904804684
0.856707475855408,-0.411760016495408,0.111,0.103,1,"ENSG00000188206-HNRNPU-AS1",0.0671674433144149
0.866989947981765,-0.290425888377905,0.136,0.138,1,"ENSG00000168876-ANKRD49",0.0619859377733382
0.867391092643635,-0.259442657984177,0.306,0.295,1,"ENSG00000240972-MIF",0.0617850419930908
0.868460084138973,-0.415001176041907,0.549,0.514,1,"ENSG00000019582-CD74",0.0612501376504537
0.87424070533406,-0.259674225223381,0.225,0.211,1,"ENSG00000225921-NOL7",0.0583689762833294
0.87689347328083,-0.28400885697543,0.468,0.418,1,"ENSG00000124614-RPS10",0.0570531623652196
0.877313513056058,-0.336865816477299,0.309,0.292,1,"ENSG00000125743-SNRPD2",0.0568451812529921
0.880355360394876,-0.579224709073768,0.481,0.494,1,"ENSG00000124193-SRSF6",0.055341987047457
0.886036973350405,-0.452714071216551,0.169,0.167,1,"ENSG00000102893-PHKB",0.0525481551027611
0.886353541498132,-0.391104975323536,0.16,0.162,1,"ENSG00000115944-COX7A2L",0.0523930157020319
0.902301667171332,-0.254814355039599,0.122,0.118,1,"ENSG00000204209-DAXX",0.0446482401911998
0.904710769533082,-0.320970801622451,0.408,0.371,1,"ENSG00000135390-ATP5G2",0.0434902398801058
0.908272527457225,-0.36366580227856,0.101,0.096,1,"ENSG00000213782-DDX47",0.0417838217294541
0.919009675814382,-0.282691068533467,0.418,0.396,1,"ENSG00000165502-RPL36AL",0.0366799161104366
0.924753230671127,-0.303885463771505,0.289,0.273,1,"ENSG00000138814-PPP3CA",0.0339741427806759
0.942090675256898,-0.271776851950352,0.46,0.423,1,"ENSG00000187838-TMEM256-PLSCR3",0.0259072947989227
0.946396366547279,-0.297405063376162,0.193,0.192,1,"ENSG00000162191-UBXN1",0.023926935742231
0.948634064839841,-0.461996479977711,0.197,0.192,1,"ENSG00000185246-PRPF39",0.0229012841682903
0.950119886465615,-0.397965021550033,0.34,0.314,1,"ENSG00000268027-AC006129.2",0.0222215918211754
0.95942215732548,-0.339366906583005,0.197,0.189,1,"ENSG00000101972-STAG2",0.0179902559628129
0.960310024435613,-0.359982265717695,0.116,0.113,1,"ENSG00000114209-PDCD10",0.0175885376213162
0.961358327431322,-0.330441375241286,0.16,0.16,1,"ENSG00000171488-LRRC8C",0.0171147074194311
0.966323304486788,-0.284066339980797,0.102,0.101,1,"ENSG00000205323-SARNP",0.0148775466036949
0.970522551519264,-0.269828333751805,0.136,0.138,1,"ENSG00000170606-HSPA4",0.0129943686871742
0.97213507022118,-0.415631168150429,0.137,0.135,1,"ENSG00000143622-RIT1",0.0122733892132748
0.988056439268898,-0.311054805525575,0.185,0.179,1,"ENSG00000183691-NOG",0.00521824715025481
0.995754829511245,-0.283166031756922,0.107,0.106,1,"ENSG00000119541-VPS4B",0.00184757854153408
